inverter,filter,samples,removed_pct,false_positive_pct,specificity_pct,precision,recall,f1,level,noise_scale,snr_db
INV_0200,DBSCAN,50608,24.04165349351881,6.418391253416634,93.58160874658337,0.7838415385879839,0.9901370431893688,0.8749942657920088,low,0.051,20.1
INV_0200,IsolationForest,50608,20.000790388871327,14.225400234283484,85.77459976571652,0.42412566686425607,0.44570182724252494,0.4346461476156728,low,0.051,20.1
INV_0200,LOF,50608,39.99960480556434,28.714369386958218,71.28563061304177,0.41876204119942695,0.8800872093023255,0.5674979079497908,low,0.051,20.1
INV_0200,GMM,50608,20.000790388871327,6.467200312377978,93.53279968762202,0.738194032799842,0.7757475083056479,0.7565050116432116,low,0.051,20.1
INV_0200,ClearSky_pvlib,50608,33.53224786595005,23.46007418976962,76.53992581023037,0.4335297583971715,0.7638081395348837,0.5531163070445831,low,0.051,20.1
INV_0200,L2_ZScore,50608,31.062282643060385,15.208902772354548,84.79109722764545,0.6035623409669211,0.9850498338870431,0.7485011044493531,low,0.051,20.1
INV_0200,VarTrimmed_FICP,50608,25.0,7.643498633346349,92.35650136665365,0.7524502055011065,0.9883720930232558,0.8544246993358463,low,0.051,20.1
INV_0200,Cauchy,50608,27.347454947834333,10.430495900039046,89.56950409996095,0.6911849710982659,0.9931478405315615,0.8150988411724609,low,0.051,20.1
INV_0200,GemanMcClure,50608,27.801928548846032,10.960074189769621,89.03992581023037,0.6808102345415779,0.9944975083056479,0.8082862205721036,low,0.051,20.1
INV_0200,Welsch,50608,27.42254189061018,10.523233112065599,89.4767668879344,0.6892924052457127,0.9931478405315615,0.8137813696299446,low,0.051,20.1
INV_0200,Tukey,50608,27.469965222889662,10.581803982819212,89.41819601718079,0.6881024313048483,0.9931478405315615,0.8129514744624798,low,0.051,20.1
INV_0200,Andrew,50608,27.471941195067973,10.581803982819212,89.41819601718079,0.6881248651370208,0.9932516611295681,0.8130019120458891,low,0.051,20.1
INV_0200,L1_IRLS,50608,27.46206133417641,10.589125341663413,89.41087465833658,0.687796805295726,0.9924210963455149,0.8124946876328091,low,0.051,20.1
INV_0200,Fair,50608,27.7288175782485,10.91858648965248,89.08141351034752,0.681180075536236,0.9924210963455149,0.8078597084301712,low,0.051,20.1
INV_0200,Logistic,50608,27.44822952892823,10.567161265130808,89.4328387348692,0.6882873803181916,0.9926287375415282,0.8129065170258896,low,0.051,20.1
INV_0200,StudentT,50608,27.36721466961745,10.457340882467786,89.54265911753221,0.6906137184115524,0.9930440199335548,0.8146665531045055,low,0.051,20.1
INV_0200,DBSCAN,50539,27.766675240903066,4.6053500224458,95.3946499775542,0.8757215135751443,0.9699289660615628,0.9204209264876605,medium,1.016,11.4
INV_0200,IsolationForest,50539,14.998318130552644,7.6923076923076925,92.3076923076923,0.6156992084432718,0.3683504340962904,0.4609382716049383,medium,1.016,11.4
INV_0200,LOF,50539,49.999010665030966,38.82859330851092,61.17140669148908,0.4181012307570541,0.8338595106550908,0.5569466775613484,medium,1.016,11.4
INV_0200,GMM,50539,33.00025722709195,10.945628350365734,89.05437164963426,0.7514690010792661,0.9891870560378848,0.8540956794330108,medium,1.016,11.4
INV_0200,ClearSky_pvlib,50539,87.2177922000831,85.44984023871768,14.550159761282316,0.2658862496880601,0.9250197316495659,0.4130469259370209,medium,1.016,11.4
INV_0200,L2_ZScore,50539,32.18108787273195,13.750033008529403,86.2499669914706,0.6798450565666503,0.8726913970007892,0.7642911453653141,medium,1.016,11.4
INV_0200,VarTrimmed_FICP,50539,30.000593600981418,7.380707174733951,92.61929282526604,0.8156575649650442,0.9760852407261247,0.8886892785283127,medium,1.016,11.4
INV_0200,Cauchy,50539,28.81339163814084,6.268979904407299,93.7310200955927,0.8369729432770224,0.9619573796369376,0.8951233842538192,medium,1.016,11.4
INV_0200,GemanMcClure,50539,28.93409050436297,6.121101692677388,93.87889830732261,0.8414825959105519,0.9711917916337806,0.9016964056717839,medium,1.016,11.4
INV_0200,Welsch,50539,28.843071687211857,6.08941350444955,93.91058649555045,0.8418055841393977,0.9685082872928177,0.9007230153778397,medium,1.016,11.4
INV_0200,Tukey,50539,28.886602425849343,6.118461010325068,93.88153898967494,0.8412904993492705,0.9693764798737174,0.9008031097583337,medium,1.016,11.4
INV_0200,Andrew,50539,28.892538435663546,6.121101692677388,93.87889830732261,0.8412546226544309,0.9695343330702447,0.9008506893517161,medium,1.016,11.4
INV_0200,L1_IRLS,50539,28.90638912523002,6.680926351369194,93.3190736486308,0.8268190841262235,0.9533543804262037,0.885589647714359,medium,1.016,11.4
INV_0200,Fair,50539,28.989493262628862,6.992526868942935,93.00747313105707,0.8192614838577571,0.9473559589581689,0.8786647633688371,medium,1.016,11.4
INV_0200,Logistic,50539,28.884623755911278,6.588502469038,93.411497530962,0.829086176188519,0.9552486187845304,0.8877072025817808,medium,1.016,11.4
INV_0200,StudentT,50539,28.81339163814084,6.197681480894663,93.80231851910534,0.8388270841917319,0.9640883977900553,0.8971063454759107,medium,1.016,11.4
INV_0200,DBSCAN,50417,34.24638514786679,2.965712145459498,97.03428785454051,0.9495540368353991,0.7789338654503991,0.8558229367855091,high,3.537,7.7
INV_0200,IsolationForest,50417,24.99950413550985,13.395076441145426,86.60492355885458,0.6878768644874643,0.41191562143671606,0.5152739807440865,high,3.537,7.7
INV_0200,LOF,50417,49.9990082710197,30.661581940140966,69.33841805985904,0.6427721358298952,0.769811858608894,0.7005793842960913,high,3.537,7.7
INV_0200,GMM,50417,33.00077354860464,2.962307194661037,97.03769280533896,0.9477100613054453,0.7491448118586089,0.8368094252507562,high,3.537,7.7
INV_0200,ClearSky_pvlib,50417,99.90082710196957,99.86720691886002,0.13279308113997754,0.4176742708519467,0.9994773850247054,0.5891479381082405,high,3.537,7.7
INV_0200,L2_ZScore,50417,47.54943768966817,28.431339167149034,71.56866083285097,0.6516914862553707,0.7422557962751806,0.6940316741076387,high,3.537,7.7
INV_0200,VarTrimmed_FICP,50417,40.00039669159212,8.03227893356941,91.96772106643058,0.8830267268309615,0.8460661345496009,0.8641514011888876,high,3.537,7.7
INV_0200,Cauchy,50417,42.491619890116425,15.267799380298955,84.73220061970105,0.7906922466507958,0.8047795515013303,0.7976737067646159,high,3.537,7.7
INV_0200,GemanMcClure,50417,40.60336791161711,8.570261159726241,91.42973884027376,0.8770455766694348,0.8530026605853288,0.8648570533972398,high,3.537,7.7
INV_0200,Welsch,50417,41.749806612848836,13.02053185331472,86.97946814668528,0.8183286616941422,0.818367540858989,0.8183481008147848,high,3.537,7.7
INV_0200,Tukey,50417,41.43245333915148,11.92413769621029,88.0758623037897,0.8323519555747044,0.826064234131509,0.8291961752152038,high,3.537,7.7
INV_0200,Andrew,50417,41.40865184362417,11.798154516667234,88.20184548333276,0.8340278775686162,0.8272519954389966,0.8306261180679786,high,3.537,7.7
INV_0200,L1_IRLS,50417,42.24765456096158,14.51190030304062,85.48809969695938,0.799906103286385,0.8094830862789814,0.8046660999338813,high,3.537,7.7
INV_0200,Fair,50417,43.30483765396592,17.6887193980047,82.3112806019953,0.7620574359913892,0.790478905359179,0.7760080222009748,high,3.537,7.7
INV_0200,Logistic,50417,42.88434456631692,16.479961864551058,83.52003813544894,0.7761435641274687,0.7972729000380083,0.7865663596522064,high,3.537,7.7
INV_0200,StudentT,50417,42.088977924112896,14.059041846845313,85.94095815315468,0.8054194156456174,0.8120011402508552,0.8086968865335479,high,3.537,7.7
INV_1700,DBSCAN,50619,23.50698354372864,5.960377725856698,94.0396222741433,0.7941843852424574,0.9915014164305949,0.8819412039197386,low,0.051,20.1
INV_1700,IsolationForest,50619,20.000395108556077,13.18146417445483,86.81853582554517,0.46503358356380875,0.49396705487357045,0.47906385143729324,low,0.051,20.1
INV_1700,LOF,50619,40.000790217112154,28.796728971962615,71.20327102803738,0.4156459897273805,0.8830133249396706,0.5652305315826589,low,0.051,20.1
INV_1700,GMM,50619,20.000395108556077,6.288940809968848,93.71105919003115,0.7447649150533386,0.7911027174483265,0.7672348003052659,low,0.051,20.1
INV_1700,ClearSky_pvlib,50619,33.78770817282048,24.12869937694704,75.87130062305296,0.4203356136350348,0.7542755219809044,0.5398362994668469,low,0.051,20.1
INV_1700,L2_ZScore,50619,29.86230466820759,13.90673676012461,86.09326323987538,0.6219899444297433,0.9864652187598363,0.7629326084310464,low,0.051,20.1
INV_1700,VarTrimmed_FICP,50619,25.000493885695096,7.873345015576324,92.12665498442368,0.7443698143026471,0.9883537928863708,0.8491841701974218,low,0.051,20.1
INV_1700,Cauchy,50619,27.77810703490784,11.149240654205608,88.85075934579439,0.6742052485598464,0.994649039974819,0.8036622583926755,low,0.051,20.1
INV_1700,GemanMcClure,50619,28.03295205357672,11.443730529595015,88.55626947040498,0.6686398872445384,0.9954884062532787,0.7999662746089962,low,0.051,20.1
INV_1700,Welsch,50619,27.880835259487547,11.268496884735203,88.7315031152648,0.671933678169064,0.9949638023292414,0.8021485366266283,low,0.051,20.1
INV_1700,Tukey,50619,27.963808056263456,11.365848909657322,88.63415109034268,0.6700812433768987,0.9951736438988563,0.8008950434856033,low,0.051,20.1
INV_1700,Andrew,50619,27.963808056263456,11.365848909657322,88.63415109034268,0.6700812433768987,0.9951736438988563,0.8008950434856033,low,0.051,20.1
INV_1700,L1_IRLS,50619,28.027025425235585,11.46320093457944,88.53679906542057,0.6680059209135124,0.9943342776203966,0.799139893751581,low,0.051,20.1
INV_1700,Fair,50619,27.997392283529898,11.436429127725857,88.56357087227414,0.6684307084391758,0.9939145944811667,0.7993081044593511,low,0.051,20.1
INV_1700,Logistic,50619,27.857128746123,11.251460280373832,88.74853971962617,0.6721509112828877,0.9944391984052041,0.802132701421801,low,0.051,20.1
INV_1700,StudentT,50619,27.85317766056224,11.24172507788162,88.75827492211837,0.6723881126321015,0.994649039974819,0.8023698688108336,low,0.051,20.1
INV_1700,DBSCAN,50574,27.322339542057183,4.362222105429127,95.63777789457087,0.8798668403531625,0.9710862619808307,0.9232287948971067,medium,0.992,11.4
INV_1700,IsolationForest,50574,14.997824969351841,7.938718662952646,92.06128133704735,0.6017139090309822,0.3645367412140575,0.45401641382740615,medium,0.992,11.4
INV_1700,LOF,50574,50.0,38.83954380617018,61.16045619382982,0.4155099458219639,0.8392172523961662,0.5558229957415294,medium,0.992,11.4
INV_1700,GMM,50574,33.00114683434175,11.252430756293688,88.74756924370631,0.7434391851408029,0.9910543130990416,0.8495720643615199,medium,0.992,11.4
INV_1700,ClearSky_pvlib,50574,87.04077193815004,85.00551847374783,14.994481526252168,0.2651522035438437,0.9322683706070287,0.4128758401131943,medium,0.992,11.4
INV_1700,L2_ZScore,50574,32.546367698817576,14.363798812214222,85.63620118778577,0.6679222357229647,0.8781150159744409,0.7587301587301587,medium,0.992,11.4
INV_1700,VarTrimmed_FICP,50574,30.001581840471385,7.689073421979293,92.31092657802071,0.807157450734858,0.9781948881789138,0.8844834434694689,medium,0.992,11.4
INV_1700,Cauchy,50574,29.07620516470914,6.848163136595365,93.15183686340464,0.8227813668820129,0.9663738019169329,0.8888154269972451,medium,0.992,11.4
INV_1700,GemanMcClure,50574,29.113773875904613,6.661586167025805,93.3384138329742,0.8278321108394459,0.9735623003194889,0.8948025253266775,medium,0.992,11.4
INV_1700,Welsch,50574,29.0682959623522,6.66421401166763,93.33578598833238,0.8274947282497789,0.9716453674121406,0.8937952316226443,medium,0.992,11.4
INV_1700,Tukey,50574,29.09400087001226,6.685236768802229,93.31476323119777,0.8271034389017262,0.9720447284345048,0.8937357714621429,medium,0.992,11.4
INV_1700,Andrew,50574,29.086091667655317,6.66946970095128,93.33053029904872,0.8274643099932019,0.9722044728434505,0.8940139551964744,medium,0.992,11.4
INV_1700,L1_IRLS,50574,29.141456084153912,7.139853891837914,92.86014610816208,0.8156466277649613,0.9601437699680511,0.8820162887959497,medium,0.992,11.4
INV_1700,Fair,50574,29.408391663700716,7.668050664844694,92.3319493351553,0.8038055536878909,0.9548722044728435,0.872850728288249,medium,0.992,11.4
INV_1700,Logistic,50574,29.242298414204924,7.268618279287328,92.73138172071268,0.8129690986544053,0.9603035143769968,0.8805155809440111,medium,0.992,11.4
INV_1700,StudentT,50574,29.024795349389017,6.737793661638724,93.26220633836128,0.8253287008651815,0.9676517571884984,0.8908415750579065,medium,0.992,11.4
INV_1700,DBSCAN,50467,33.41787702855331,2.9495942624330787,97.05040573756692,0.948058108508746,0.7698863636363636,0.8497329471474504,high,3.469,7.7
INV_1700,IsolationForest,50467,25.000495373214182,13.215933196403919,86.78406680359608,0.6889117856859792,0.4185285053929122,0.5207128950127303,high,3.469,7.7
INV_1700,LOF,50467,49.99900925357164,29.35452372133742,70.64547627866258,0.6545000594459636,0.7952137904468413,0.7180278689593704,high,3.469,7.7
INV_1700,GMM,50467,32.99978203578576,2.7846055422741505,97.21539445772585,0.9503422601176894,0.7620859013867488,0.8458660680882902,high,3.469,7.7
INV_1700,ClearSky_pvlib,50467,99.85138803574614,99.83501127984107,0.1649887201589279,0.41161295443721224,0.9987480739599384,0.5829679595278247,high,3.469,7.7
INV_1700,L2_ZScore,50467,47.460716904115564,28.20296979696286,71.79703020303714,0.6503006012024048,0.75,0.6966010733452594,high,3.469,7.7
INV_1700,VarTrimmed_FICP,50467,40.000396298571346,8.798276036230176,91.20172396376982,0.8705602615544658,0.8462057010785824,0.8582102307410573,high,3.469,7.7
INV_1700,Cauchy,50467,42.201834862385326,15.323748274352672,84.67625172564733,0.7863179641280872,0.8063848228043143,0.7962249797936576,high,3.469,7.7
INV_1700,GemanMcClure,50467,40.473973091327004,9.232634095424089,90.76736590457591,0.8657593263487712,0.851502311248074,0.8585716366461135,high,3.469,7.7
INV_1700,Welsch,50467,41.50038639110706,13.269807064210916,86.73019293578908,0.8118315508021391,0.8187114791987673,0.8152570003835826,high,3.469,7.7
INV_1700,Tukey,50467,41.14371767689777,12.239469342402101,87.7605306575979,0.8249373916393758,0.8247785053929122,0.8248579408648753,high,3.469,7.7
INV_1700,Andrew,50467,41.139754691184336,12.151924307215731,87.84807569278426,0.8261728157210289,0.8259341294298922,0.826053455333494,high,3.469,7.7
INV_1700,L1_IRLS,50467,42.25335367665999,15.492104111249537,84.50789588875047,0.7842337272556743,0.8052291987673343,0.7945927967309702,high,3.469,7.7
INV_1700,Fair,50467,43.13115501218618,17.842351594329774,82.15764840567023,0.7565580925253824,0.7929506933744221,0.7743270248031032,high,3.469,7.7
INV_1700,Logistic,50467,42.68730061228129,16.596518401292972,83.40348159870703,0.7712017824815486,0.7999807395993837,0.7853276925622179,high,3.469,7.7
INV_1700,StudentT,50467,41.77779539104762,14.148624532812553,85.85137546718745,0.8007019540884083,0.8128852080123267,0.8067475867342062,high,3.469,7.7
INV_5100,DBSCAN,50594,24.99901174052259,6.6400177659338215,93.35998223406618,0.7872390891840607,0.9890732094963743,0.8766894122826326,low,0.051,20.9
INV_5100,IsolationForest,50594,20.000395303790963,13.085103757988502,86.9148962420115,0.475936357347564,0.47839475514055824,0.4771623897750917,low,0.051,20.9
INV_5100,LOF,50594,40.000790607581926,29.24963604510573,70.75036395489427,0.41427018480086963,0.8328201052945267,0.5533080349777265,low,0.051,20.9
INV_5100,GMM,50594,20.000395303790963,5.591334172280209,94.40866582771979,0.7760648285403696,0.7800735074997517,0.7780640047557713,low,0.051,20.9
INV_5100,ClearSky_pvlib,50594,36.11890738032178,25.86177116490241,74.13822883509759,0.4264528838787348,0.7741134399523194,0.5499453089164108,low,0.051,20.9
INV_5100,L2_ZScore,50594,31.136103095228684,14.336121597947047,85.66387840205296,0.6311813622802006,0.9876825270686401,0.7701781564678544,low,0.051,20.9
INV_5100,VarTrimmed_FICP,50594,25.00098825947741,6.847286993855948,93.15271300614405,0.7806150683848525,0.9808284493890931,0.8693431942243353,low,0.051,20.9
INV_5100,Cauchy,50594,28.590346681424677,11.014878969575838,88.98512103042417,0.691393017628759,0.9934439256978246,0.8153432251752812,low,0.051,20.9
INV_5100,GemanMcClure,50594,29.58058267778788,12.20914452093666,87.79085547906334,0.6693839369236937,0.9951326115029304,0.8003834937881996,low,0.051,20.9
INV_5100,Welsch,50594,28.76428034944855,11.214745725072174,88.78525427492782,0.6876932591218305,0.9941392669116916,0.8129975629569456,low,0.051,20.9
INV_5100,Tukey,50594,28.872988891963473,11.347990228736398,88.65200977126361,0.6851725082146769,0.9942386013708155,0.8112664640324214,low,0.051,20.9
INV_5100,Andrew,50594,28.884848005692376,11.357860191970785,88.64213980802921,0.6850280552894484,0.9944372702890633,0.811231311535189,low,0.051,20.9
INV_5100,L1_IRLS,50594,28.507332885322374,10.916179337231968,89.08382066276803,0.6932676974277197,0.9932452567795769,0.8165781951817069,low,0.051,20.9
INV_5100,Fair,50594,28.762303830493735,11.241888123966739,88.75811187603327,0.6869158878504673,0.9929472534022052,0.8120557293147569,low,0.051,20.9
INV_5100,Logistic,50594,28.616041427837292,11.054358822513386,88.9456411774866,0.6905649951650781,0.993145922320453,0.8146669382766347,low,0.051,20.9
INV_5100,StudentT,50594,28.66150136379808,11.101241147876724,88.89875885212328,0.6897455347907041,0.9935432601569485,0.8142298925431455,low,0.051,20.9
INV_5100,DBSCAN,50564,28.775413337552408,4.596436621230009,95.40356337876999,0.8822680412371134,0.9654783393501805,0.9219995690583925,medium,1.101,11.4
INV_5100,IsolationForest,50564,15.000791076655329,8.210797466995814,91.78920253300419,0.5965721819380356,0.3403279181708785,0.4334083616685025,medium,1.101,11.4
INV_5100,LOF,50564,50.0,38.57464849200387,61.42535150799613,0.4313741001503046,0.8202466907340553,0.5653999688941884,medium,1.101,11.4
INV_5100,GMM,50564,32.9997626770034,9.783192014596974,90.21680798540302,0.78149346757761,0.9807460890493381,0.869855246481222,medium,1.101,11.4
INV_5100,ClearSky_pvlib,50564,90.11154180840123,88.49951701191371,11.500482988086294,0.2761390571503819,0.9462996389891697,0.4275229357798165,medium,1.101,11.4
INV_5100,L2_ZScore,50564,32.36096827782612,13.215090694429538,86.78490930557047,0.6990160728472774,0.8602587244283996,0.7713004484304934,medium,1.101,11.4
INV_5100,VarTrimmed_FICP,50564,30.001582153310657,6.2815283889664055,93.71847161103359,0.8456822676334872,0.9648766546329723,0.9013560036534813,medium,1.101,11.4
INV_5100,Cauchy,50564,29.426073886559607,6.0641837501341636,93.93581624986584,0.8481080717790174,0.9490824308062575,0.8957586512866017,medium,1.101,11.4
INV_5100,GemanMcClure,50564,29.633731508583182,5.892454652785231,94.10754534721477,0.8534436732514682,0.9617930204572804,0.9043847241867043,medium,1.101,11.4
INV_5100,Welsch,50564,29.435962344751204,5.817323172695073,94.18267682730493,0.8543402311206665,0.9563778580024067,0.9024840312278212,medium,1.101,11.4
INV_5100,Tukey,50564,29.471560794240965,5.806590104110765,94.19340989588923,0.8547845926721246,0.9580324909747292,0.9034683310873111,medium,1.101,11.4
INV_5100,Andrew,50564,29.47353848587928,5.803906836964688,94.19609316303531,0.8548614372945045,0.9581829121540313,0.9035781410688322,medium,1.101,11.4
INV_5100,L1_IRLS,50564,29.465627719326005,6.353976601910486,93.64602339808951,0.8410631586012484,0.9424638989169675,0.8888810072707926,medium,1.101,11.4
INV_5100,Fair,50564,29.697017641009417,6.879896962541591,93.1201030374584,0.8292488012786361,0.9365222623345367,0.8796270132805877,medium,1.101,11.4
INV_5100,Logistic,50564,29.493315402262475,6.407641944832028,93.59235805516798,0.83987125326896,0.9420126353790613,0.8880144634691056,medium,1.101,11.4
INV_5100,StudentT,50564,29.408274661814733,5.962219598583235,94.03778040141677,0.8505716207128446,0.9512635379061372,0.8981040971383938,medium,1.101,11.4
INV_5100,DBSCAN,50411,34.83961833726766,3.344504957408183,96.65549504259182,0.9454535102203496,0.7628520237056094,0.8443935926773455,high,3.638,7.7
INV_5100,IsolationForest,50411,25.00049592350876,12.742633710375646,87.25736628962436,0.7103864159327145,0.4113106996830064,0.5209775967413443,high,3.638,7.7
INV_5100,LOF,50411,49.99900815298248,28.403854210305823,71.59614578969418,0.6772069033921841,0.7841686957320715,0.7267733969173125,high,3.638,7.7
INV_5100,GMM,50411,33.000733966792964,2.185448959642508,97.81455104035749,0.9623707622024525,0.7355170671199522,0.8337890268989402,high,3.638,7.7
INV_5100,ClearSky_pvlib,50411,99.91271746245859,99.90923055439184,0.09076944560815528,0.4318105108503584,0.9991730601369044,0.6030166079795936,high,3.638,7.7
INV_5100,L2_ZScore,50411,47.098847473765645,26.975981008239074,73.02401899176093,0.6745567114517963,0.7357927137409841,0.7038453087233575,high,3.638,7.7
INV_5100,VarTrimmed_FICP,50411,40.001190216421016,7.488479262672811,92.51152073732719,0.8936275725266551,0.8278586851656177,0.8594867881331679,high,3.638,7.7
INV_5100,Cauchy,50411,42.24673186407728,14.512637899734674,85.48736210026533,0.8048081889468001,0.7874305140809482,0.7960245216422069,high,3.638,7.7
INV_5100,GemanMcClure,50411,40.52091805359942,7.9004329004329,92.0995670995671,0.8892152543202624,0.8344742040703818,0.8609754941460871,high,3.638,7.7
INV_5100,Welsch,50411,41.362004324453,12.138667783829074,87.86133221617092,0.8332454078941058,0.7981807323011899,0.8153362429020603,high,3.638,7.7
INV_5100,Tukey,50411,41.1576838388447,11.136712749615976,88.86328725038402,0.8462502409870831,0.8066338953461663,0.825967305656827,high,3.638,7.7
INV_5100,Andrew,50411,41.137846898494374,11.059907834101383,88.94009216589862,0.8472369563120841,0.8071851885882299,0.8267262674979414,high,3.638,7.7
INV_5100,L1_IRLS,50411,42.10588958759001,14.146068984778662,85.85393101522133,0.8091020446622067,0.7889925116001286,0.798920754541437,high,3.638,7.7
INV_5100,Fair,50411,43.09178552300093,16.781874039938558,83.21812596006144,0.7787138056437877,0.7771397068957596,0.7779259599908025,high,3.638,7.7
INV_5100,Logistic,50411,42.6315685068735,15.661220499930177,84.33877950006982,0.7912614582848634,0.7812284651077319,0.7862129548291645,high,3.638,7.7
INV_5100,StudentT,50411,41.72502033286386,13.109202625331658,86.89079737466834,0.8214795093657887,0.7938163274681858,0.8074110417980888,high,3.638,7.7
